Nama_Siswa,Age,Grade,Gender,Race,SES_Quartile,ParentalEducation,SchoolType,Locale,TestScore_Math,TestScore_Reading,TestScore_Science,GPA,AttendanceRate,StudyHours,InternetAccess,Extracurricular,PartTimeJob,ParentSupport,Romantic,FreeTime,GoOut
Rian Pamungkas Nugraha,14,9,Male,Hispanic,1,<HS,Public,Suburban,79.94665904982031,87.46867827220001,86.42627075178024,3.761487157829292,0.9335216444400708,0.9561640467606132,1,1,0,0,0,4,2
Diah Kusumaningrum Utomo,18,12,Female,Black,4,SomeCollege,Public,Town,68.04984132278118,74.53724670422804,71.83717736051834,2.857388484568186,0.8972958537310228,0.6604734883449019,1,0,1,1,0,3,3
Sinta Handoko,14,9,Female,White,1,<HS,Public,City,79.91442720077647,80.88927394037918,81.67325477737968,3.5234228244831014,0.9324177150128165,1.0222187928293929,0,1,0,1,0,3,2
Aji Haryanto,18,12,Male,Hispanic,4,Bachelors+,Public,Rural,72.5006350965026,81.56854164416595,78.78526814728693,2.778092859102692,0.9115991945829608,1.2094845133514798,1,0,0,1,1,4,2
Aisyah Ningrum Permana,17,12,Female,Asian,3,Bachelors+,Public,City,79.31188851319011,74.79699310862351,77.95949854083041,3.6633605901184767,0.9228350178372848,1.2676277783566594,1,1,0,1,0,5,1
Sekar Kusumaningrum Nugroho,16,11,Female,Hispanic,3,SomeCollege,Public,Rural,66.90999637406553,71.72269711027128,67.34527398050878,2.5059035421898423,0.8641350557411593,0.5092328089377041,1,1,0,1,1,3,3
Rizqi Setiawan Santoso,15,10,Male,Black,2,SomeCollege,Public,Rural,67.73198799814038,64.39253989873772,69.6425435441193,3.072099259841893,0.8389541857339116,1.159999699839396,1,0,0,0,1,2,2
Danu Pratama Handoko,14,9,Male,Hispanic,3,SomeCollege,Private,Rural,81.79853546963153,83.11221249532309,81.44325098141137,3.0307170978451365,0.9335245036349226,0.6200093029791032,1,0,1,0,0,5,3
Bayu Nugrahanto Hermawan,14,9,Male,Two-or-more,1,<HS,Public,Rural,67.15901434001584,75.27710649207728,75.90768585664748,2.894917274656059,0.9044001770192824,1.4021508968395984,0,0,0,0,0,2,2
Tyas Kurniasari Mahendra,16,11,Female,White,2,HS,Public,City,69.45028123636808,69.74663740967554,65.56021030691083,1.913835732951922,0.8546546309988375,0.9169551445000698,1,1,0,0,0,1,3
Nabila Sasongko,14,9,Female,Hispanic,2,HS,Public,Suburban,81.36818235406234,85.94095398454851,83.49098048882938,3.346349977845996,0.943929021330318,1.095166555403612,1,1,0,0,0,3,2
Rahayu Pamungkas,14,9,Female,Hispanic,2,<HS,Public,City,66.85856177657244,73.39253267349852,63.34270423186585,3.2429792827217643,0.8598977448997893,1.1370462181691066,0,1,0,0,0,4,2
Nadia Kurniawan,16,11,Female,Hispanic,3,SomeCollege,Public,Rural,88.47935857996163,97.2325397019472,89.9304558610338,3.4603834694674256,1.0,1.9054159670531687,1,1,0,1,0,3,1
Bima Cahyana Wibowo,14,9,Male,Hispanic,1,<HS,Public,City,79.09836251935063,72.21783890375586,80.77708435695914,3.4093249272199206,0.910023551112879,0.9737434156610576,0,0,1,0,0,4,4
Wulan Kartikasari Wijaya,18,12,Female,Hispanic,2,Bachelors+,Public,Suburban,64.47518901788598,70.33790478796504,86.47203535688774,2.725144733118512,0.8822780815122515,1.1424080643846108,1,1,1,1,0,2,3
Putri Kusuma Saputra,18,12,Female,Hispanic,1,<HS,Public,Rural,68.45773665746931,83.0555372160565,83.15724675805481,3.5417335322726182,0.9425440834800046,1.0806609359405652,1,1,1,1,0,3,1
Rizal Wijaya Setiawan,14,9,Male,Black,4,SomeCollege,Public,Town,63.55029734526413,52.15969041698656,65.31537495758516,2.989349262986707,0.8542016202645163,0.7305541158468264,1,0,0,0,0,3,2
Rama Adi Wijaya,18,12,Male,White,3,Bachelors+,Public,Rural,68.46523327426911,70.84153129783951,66.57160791466971,2.622952230223075,0.885798404255597,0.6417330716332267,1,0,0,1,0,2,1
Tika Apsari Sasongko,17,12,Female,Hispanic,1,SomeCollege,Public,City,73.31241674360417,64.00455220219682,76.45811005298529,3.1283101502654,0.8618341830918942,0.8180859627952447,1,1,0,0,0,3,4
Fitria Subekti,17,12,Female,Asian,2,SomeCollege,Public,City,68.85574096682414,78.73929565595775,73.68583992072783,2.9296916874017973,0.8853082155544099,1.2632702076429845,1,1,0,1,0,4,1
Hendra Handoko,17,12,Male,Black,4,SomeCollege,Public,Rural,80.25639645589463,82.45190253374493,75.7870135338504,3.0311026462112305,0.9403249884243324,0.9865759526278652,1,1,0,0,0,3,2
Maharani Kusumaningrum Sasongko,15,10,Female,White,2,HS,Public,Town,77.76133810331254,73.23952926663502,71.36585998163162,2.7061143132590337,0.8832332238366969,1.0255761443180014,1,0,0,1,0,2,2
Putra Saputra,18,12,Male,White,2,SomeCollege,Public,Rural,72.85290732455621,72.54857078993038,75.94131319733387,3.0948826741544995,0.8818669395712557,0.7420087252514768,1,0,0,1,1,2,1
Yoga Wibowo,14,9,Male,White,4,HS,Public,City,72.04629974235289,67.91333942085757,70.4458014627488,2.6177084837327342,0.8775417921627349,0.8676580707957484,1,0,0,0,0,3,1
Rini Kurniasari Yulianto,16,11,Female,White,3,SomeCollege,Private,Rural,83.5746002182266,74.74626052751343,70.90965187470613,3.138405211357638,0.8845944981933507,1.0695365040954086,1,0,1,1,1,1,2
Yoga Kurniawan Nugrahanto,16,11,Male,Two-or-more,1,SomeCollege,Public,City,66.42298860923415,68.84731564037116,62.09762603227298,2.1781899055051595,0.8485115929620487,1.2347415726808049,0,1,1,0,0,3,2
Damar Wijaya Hermawan,15,10,Male,White,1,<HS,Public,Suburban,75.61183826357373,92.51624914304048,74.99046808972834,2.892706532376182,0.915503655811536,1.1061013483041022,1,1,0,0,0,4,3
Ratih Pratama,16,11,Female,Two-or-more,4,SomeCollege,Public,Rural,68.57959383108484,55.85194303068023,69.35544811987272,2.5277742831723566,0.8628581013748113,0.6095988434783491,1,1,0,1,0,3,1
Rizka Nugraheni Yulianto,14,9,Female,Black,1,Bachelors+,Public,City,58.60496643180889,57.00798844305093,62.73895764743063,2.3961065369789765,0.8307748179461533,0.664745702852204,1,1,0,0,0,2,3
Fitri Setyaningrum Pranata,14,9,Female,White,2,Bachelors+,Public,City,74.87259498585348,79.28145848777076,80.19732574543228,2.85195932158683,0.9133598939684662,0.936844679971414,1,1,0,1,0,4,4
Shinta Setyaningrum Hidayat,15,10,Female,White,3,Bachelors+,Public,Suburban,76.45969093412059,82.9227654419708,77.14951507737962,3.2585954156014605,0.9480168026550244,1.1931355965246055,1,1,1,0,1,1,2
Arif Setiawan Saputra,16,11,Male,White,3,SomeCollege,Public,Suburban,67.53649464552586,68.85318135320671,71.6720602267487,3.002427803435643,0.908978942925673,0.6739736001121376,1,1,0,0,0,2,4
Puspita Oktaviani Utomo,16,11,Female,White,1,<HS,Public,City,65.99455599961999,64.6611517969736,61.62782759989144,2.2659103529540183,0.8264570063897738,0.7162119624814223,0,1,0,1,0,2,2
Teguh Permana Permana,15,10,Male,White,3,Bachelors+,Public,City,75.53416982592773,74.19255209296655,72.80975541280908,2.9285893095809645,0.8981803406444261,0.8945269781734398,1,1,0,1,1,3,1
Farah Handayani Handoko,17,12,Female,White,2,<HS,Public,City,86.98370358704743,76.14031014271076,85.4077431729159,3.109672313476504,0.9258139123539288,0.9964510849302596,1,1,0,0,0,3,1
Hendra Kusuma Yulianto,14,9,Male,White,4,HS,Private,Suburban,65.5560500878315,80.52711596481068,62.08759410961672,2.834219436564424,0.8516283361562809,0.7871904018291195,1,1,0,0,0,1,3
Hafidz Wardhana Rahardian,18,12,Male,White,1,HS,Public,Suburban,71.01207053981686,63.0183418044932,69.01968939132207,2.5542722787706564,0.8743770994527043,0.8510309253177052,1,0,0,0,0,3,3
Maya Setyaningrum Hidayat,14,9,Female,White,2,<HS,Public,Suburban,64.61975137051257,72.48565818575595,68.5734034996677,2.623590921926015,0.8559903796522871,0.895122970839877,1,0,1,0,0,3,2
Dwi Wicaksono Winata,18,12,Male,Asian,2,SomeCollege,Public,Suburban,87.78995524111083,82.25669187177434,90.3743350031857,3.108436205729582,0.9775433461913604,1.0860639535649863,1,0,0,0,0,4,2
Nanda Prakoso Wicaksono,15,10,Male,Hispanic,1,HS,Public,Suburban,66.41175822344863,76.09938203583202,67.3200910336168,3.062786593235405,0.8802290235549983,1.04252815815296,1,1,0,1,0,3,3
Rama Subekti Pamungkas,17,12,Male,White,3,SomeCollege,Private,City,62.352522959610695,68.55540261250253,75.19160228770991,2.356125507183606,0.8878740683431231,0.8945200442239222,1,0,1,0,0,5,3
Aditya Utomo,16,11,Male,Hispanic,3,Bachelors+,Public,Suburban,86.23123141317565,74.60376241718576,88.17534007865751,3.630500210183771,0.9506585342199496,0.8643833943530925,1,1,1,0,0,3,1
Bayu Wardhana Winata,15,10,Male,White,2,HS,Public,Rural,58.61670998843748,73.84471505039288,65.85430530451481,1.8829816633575,0.8211584344453101,0.7482150229538255,1,1,0,1,0,2,4
Dwi Wibowo Mahendra,18,12,Male,White,1,SomeCollege,Public,Suburban,79.76871930988531,75.40288915726262,69.39880347021236,2.336863739306424,0.9033432116755724,0.8207255167287183,1,1,1,0,0,4,4
Surya Wicaksono Pamungkas,15,10,Male,Hispanic,3,SomeCollege,Public,Suburban,90.42813207815834,92.9905466095738,91.43446121090862,3.5315904359547963,0.963663670487078,1.3939566390061764,1,1,0,1,0,3,2
Cahya Handayani Purnomo,16,11,Female,Hispanic,3,Bachelors+,Public,Rural,80.20815450640296,87.14327332929004,90.03886751370413,3.1276512103974774,0.945152775085013,1.2006862420404167,1,0,0,1,0,3,2
Wulan Puspitasari Wahyudi,17,12,Female,White,3,<HS,Public,Suburban,89.10297201322923,95.6424873686973,80.70482514494219,3.694629122594649,0.9845585004647596,1.3770363309901683,1,0,0,0,0,3,3
Yuni Cahyani Haryanto,18,12,Female,Hispanic,3,Bachelors+,Public,City,68.48089073050181,67.08567273773691,88.45711328915677,2.3038934730353966,0.8919503927704888,0.8697758377289009,0,0,0,1,1,2,2
Fitria Anggraini Mahendra,15,10,Female,Black,4,Bachelors+,Public,City,81.50001779690916,84.58212816194676,78.21845836404557,3.3689129597359138,0.900949892011288,1.406938212060305,1,0,0,0,0,3,2
Teguh Setiawan,16,11,Male,White,2,HS,Public,Suburban,58.14410905262732,60.95973563057602,54.29746802990191,2.5226641375062764,0.8320249942218424,0.8538750337833271,1,1,1,0,0,1,3
Fauzan Saputra,18,12,Male,White,3,Bachelors+,Public,City,68.94077394911257,72.4622862326077,71.91094412383035,2.8636768415575893,0.8921231943279597,0.5212496379042989,1,1,0,0,0,5,1
Fitri Kartikasari Sasongko,18,12,Female,White,1,SomeCollege,Public,Suburban,69.15056909071401,69.8205719242786,75.65976058752734,2.84124715858475,0.8918296507400201,0.4967832325883341,1,1,0,1,0,3,2
Dion Pangestu Utomo,18,12,Male,Hispanic,1,SomeCollege,Public,Suburban,74.71029277963952,78.36415195778105,79.87170821374075,3.4917481813658027,0.9030877800762152,1.152098291729711,1,0,0,1,1,3,1
Joko Prakoso Hidayat,17,12,Male,White,3,SomeCollege,Public,Rural,62.124268319563534,56.49869083905229,60.13370579460253,2.5361733636273014,0.81501888632255,1.225919862349521,1,0,1,0,1,3,2
Rizqi Saputra,16,11,Male,White,1,HS,Public,Suburban,86.46885110812927,82.40007864707596,88.25441238691405,3.555963611264222,0.9577383481899596,1.1307313384509423,1,1,0,0,1,3,2
Arya Firmansyah Handoko,16,11,Male,White,2,SomeCollege,Public,Rural,76.18528111191874,86.91964602427748,80.3644384879456,3.4795023458003653,0.9322127071049175,1.2671321044277843,0,0,0,0,0,5,1
Salsa Pertiwi Rahardian,15,10,Female,Hispanic,4,HS,Private,Suburban,77.86384619407946,85.99908244720632,76.55381707835603,2.940876829102815,0.9588569839803592,1.1711720059872952,1,1,0,0,1,4,2
Laras Anggraini Haryanto,14,9,Female,Black,1,HS,Public,Suburban,70.97782206946627,71.19858957181079,75.4547132775382,3.561307116829964,0.9041684494744772,0.3051198974798593,0,1,0,0,0,3,3
Dimas Wardhana,16,11,Male,Hispanic,1,HS,Public,City,65.85008720857753,82.87832498431656,69.64946884402808,2.36957689803771,0.9049641234940714,0.7657293768844435,1,0,1,1,0,2,2
Farah Pangestu,18,12,Female,White,4,SomeCollege,Public,City,76.35721896197677,68.28299898215177,78.6199173348623,2.39666327760954,0.9365408097097292,0.9388163095631812,1,1,0,0,0,2,2
Tika Pamungkas,16,11,Female,Hispanic,3,SomeCollege,Public,Suburban,78.93440889536882,73.9565583509669,87.16476909436798,2.921686709517024,0.908151832554227,0.7806082468517237,1,0,1,0,0,2,5
Surya Firmansyah Haryanto,16,11,Male,Hispanic,3,SomeCollege,Public,Town,67.54518784074871,65.54640072869431,68.19163108628362,2.8234260583969943,0.8572989056992403,0.6990461807425901,1,1,1,0,0,1,2
Surya Sasongko Yulianto,14,9,Male,Hispanic,1,<HS,Public,City,62.45471003046619,67.07329800756644,66.99986288603733,2.217903275601703,0.8358315033966129,0.90709063297977,1,0,1,0,0,2,1
Nayla Maharani Cahyana,14,9,Female,Black,3,SomeCollege,Private,Suburban,62.53996715413136,56.3731554569511,50.31074049249378,2.489216887476762,0.8136785526887296,0.0,1,1,0,0,0,1,1
Dini Kartikasari Cahyana,18,12,Female,Black,3,Bachelors+,Public,Suburban,66.50484671256181,59.08363609058955,69.91201045088391,2.033003271731006,0.8587175019858045,0.8521983489345378,1,1,0,0,0,3,2
Gilang Nugraha,14,9,Male,Hispanic,2,HS,Public,City,62.97643953127029,63.13087824790594,62.14270429102803,2.166512869569362,0.8181700894550178,0.9535410343936778,1,1,0,0,0,2,2
Pramesti Kartikasari Pangestu,16,11,Female,White,4,SomeCollege,Public,Suburban,96.45746395725176,85.75847542654427,92.71798543421468,3.8569783502146615,0.9754375992498112,1.1228651056819932,1,0,0,1,1,4,1
Rara Setyaningrum Wicaksono,16,11,Female,Hispanic,4,Bachelors+,Public,Suburban,87.44127798526857,92.25574963453168,85.84508871813274,3.365677747695823,0.931722889356552,1.1031662474020845,1,1,1,0,0,3,3
Aji Adi Wahyudi,14,9,Male,White,1,HS,Public,City,70.56055364952705,80.88530746357951,68.87653745790732,2.9025072292703307,0.924328899124496,1.1195159733584177,1,1,0,0,0,4,2
Bayu Pangestu,17,12,Male,White,4,Bachelors+,Public,Suburban,69.42367778688876,75.0309096115172,58.67209364706645,2.925452075699938,0.8461914688828871,0.8216337722772318,1,1,0,0,0,3,3
Rizqi Kuswandani Permana,18,12,Male,Two-or-more,3,HS,Public,City,74.5744079729994,67.84465702239358,75.28680440251176,2.580245675041569,0.9277527140479788,0.7181045775042095,1,1,0,0,0,2,1
Rahayu Wulandari Pamungkas,15,10,Female,White,2,Bachelors+,Public,City,90.37585719028765,91.10681859099124,88.85398207669914,3.681841813100768,1.0,1.0016216939885871,0,1,0,1,0,2,1
Putri Pertiwi Yulianto,18,12,Female,White,1,HS,Public,City,60.7464357893276,69.31798729192504,66.8930254106995,2.8606285633496222,0.8441910738124426,0.3637340532811245,1,1,0,0,1,3,1
Arif Wardhana Wahyudi,14,9,Male,Hispanic,4,HS,Private,Rural,67.71879162262046,62.46690951674166,72.19538271124755,2.389052376942072,0.8913231186724289,0.8231987898867215,1,1,1,1,0,4,2
Ayu Apsari Wicaksono,15,10,Female,White,3,Bachelors+,Public,Rural,83.11364585431292,84.87750074834253,79.18817407510814,3.326714711807917,0.9638491176884,1.688218120757719,1,0,0,1,0,4,3
Nadia Kurniasari Yulianto,16,11,Female,White,4,Bachelors+,Public,Suburban,86.98365700648169,93.44942975494912,75.36411143754047,3.283321329696327,0.962213433269374,1.5868430234183113,1,0,0,1,0,2,2
Dinda Wahyudi,17,12,Female,Two-or-more,4,SomeCollege,Public,Suburban,67.08723077251972,68.89292242340863,68.06106409478778,2.889371745429851,0.870617811251309,0.9770377167404044,1,0,0,1,1,3,3
Nisa Rahayu Hidayat,18,12,Female,White,4,SomeCollege,Public,Rural,54.08390739354263,53.85252769876232,50.53658813218122,1.898636912588164,0.7955793525615323,0.0,1,1,1,1,0,4,2
Diah Puspitasari Suryanto,14,9,Female,White,3,HS,Public,City,60.76703026794993,75.807641675105,68.99204421790434,2.9553940950872915,0.8987368462360704,0.5015077448444065,1,0,0,0,0,3,3
Fitri Kusumaningrum Subekti,15,10,Female,White,3,HS,Public,Rural,66.23137411837338,58.8591547666707,70.13107074290023,2.849486762401433,0.8531123900847817,0.4339454180848787,0,1,0,1,1,1,1
Bayu Handoko Rahardian,16,11,Male,White,1,<HS,Private,Suburban,76.7739768756649,74.18353169509895,80.36023495134573,3.013499312379604,0.8945281908925838,1.252277573049001,1,1,1,1,0,3,3
Larasati Oktaviani Utomo,16,11,Female,Hispanic,4,SomeCollege,Public,Town,73.17027189095579,77.7755863845604,73.5564871062107,3.21885344461664,0.8667034220908727,1.2517097532258148,1,0,0,1,0,4,3
Dewi Pratiwi Kurniawan,16,11,Female,White,3,HS,Public,Suburban,65.49667957569558,64.65560581080234,79.89597033191563,2.9804427232482165,0.8420157563749365,1.0987673407865832,1,0,0,1,0,1,1
Aditya Kuswandani Pratama,14,9,Male,White,3,SomeCollege,Public,City,73.89048075809548,71.78136495154794,84.71097758207412,2.8193554271237247,0.9206032703989808,0.9327657954681412,1,0,0,0,0,3,1
Utami Kusumaningrum Hermawan,17,12,Female,Hispanic,4,Bachelors+,Public,Rural,98.69879395595883,98.11595019093708,91.9157864259894,3.4672626312014825,1.0,1.5712050965849018,1,0,0,1,0,3,1
Bima Nugroho,14,9,Male,Black,3,<HS,Public,Suburban,87.3589784431177,83.72910442008951,82.73903040822861,3.854939853934868,0.9432237117747416,1.6113714663039538,1,1,0,0,0,5,3
Hafidz Pratama,16,11,Male,White,2,SomeCollege,Public,Suburban,73.56113450749243,72.30375098636976,63.40108129475343,2.803896188630251,0.8848544857539884,0.8552197412424992,1,1,0,0,0,4,4
Rahayu Pertiwi Mahendra,17,12,Female,Hispanic,4,Bachelors+,Private,Suburban,72.81745919405407,75.782936341601,82.19567985157033,2.7174638959639843,0.8719485677803909,1.144731436897321,1,1,0,0,1,2,1
Dian Pramesti Nugrahanto,16,11,Female,White,4,SomeCollege,Private,City,59.22722801463563,73.4218292389757,69.69017653766323,2.733982005144334,0.8522437397761603,0.3984215308139767,1,1,1,1,0,1,1
Aji Wardhana,16,11,Male,Two-or-more,4,Bachelors+,Public,Suburban,89.95701803198364,81.22685548301394,82.94629882114324,3.1564439858249864,0.9415253836977208,1.2351602686827614,1,1,0,1,0,3,2
Anggun Pratiwi Nugroho,15,10,Female,Other,3,HS,Public,City,80.38377205743765,67.55359676356134,68.22443287754973,2.698627213375444,0.9154729068005651,1.202968217973568,1,0,0,0,0,5,1
Kirana Kurniawan,15,10,Female,Hispanic,2,<HS,Public,City,84.9432998352187,85.39853815961061,74.79293704847107,3.650483832547696,0.92143161713938,0.7186716979380277,1,0,0,0,0,4,2
Diah Kurniasari Nugroho,14,9,Female,White,4,Bachelors+,Private,Suburban,76.31698247391928,63.28971225999892,73.99040220380175,3.1637345123767715,0.8806001593389877,0.7881534132386762,1,0,0,1,0,3,4
Nugroho Wicaksono Winata,16,11,Male,Hispanic,4,HS,Public,Rural,73.89112331764608,66.66959730968256,79.58024696102301,3.1407794987219555,0.8693816956304653,0.6484182066418436,1,0,1,1,0,1,1
Agus Prakoso Sasongko,16,11,Male,White,4,HS,Public,Suburban,78.37917972317564,84.46343779539313,79.67401227520138,3.16659294731275,0.9477922003221794,1.1779194454626774,1,1,1,1,0,5,1
Fitria Handoko,16,11,Female,Hispanic,3,Bachelors+,Public,Rural,73.84380001862233,80.49440895744311,71.89849630417956,3.087089334592595,0.9089139703748136,0.6086130754313388,1,1,0,0,0,2,1
Aisyah Nugroho,15,10,Female,White,4,HS,Public,City,72.61020356151796,83.14863041186459,81.42746273820775,3.353918618223547,0.913057807186082,1.4451216184968565,1,1,0,1,0,4,1
Dini Kusumaningrum Sasongko,17,12,Female,Black,2,<HS,Public,City,83.88211359673694,91.53453487582414,95.4096888373681,3.710893672505484,0.968550649655178,1.0458810215419825,1,0,0,0,0,4,3
Fajar Pratama,14,9,Male,Black,4,SomeCollege,Public,Suburban,71.51984222730114,72.46535263501829,81.28205362629848,3.043557652164777,0.8975202525153941,0.8870601861516161,1,1,0,0,1,3,3
Maharani Nugraheni Nugroho,16,11,Female,Asian,3,<HS,Private,City,76.17138133409283,82.5969190645244,80.34439412469376,3.050603208439857,0.9422571676450386,0.885131647111135,1,1,0,0,0,2,3
